user_id,location_id,first_name,last_name,email,gender,age,signup_date
1,173,Cilka,Venners,cvenners0@wikispaces.com,Female,22,2024-04-24
2,25,Lacy,Brockett,lbrockett1@chicagotribune.com,Female,67,2024-10-11
3,140,Casper,Kwietak,ckwietak2@craigslist.org,Male,29,2024-12-31
4,127,Nicolas,Bang,nbang3@dropbox.com,Male,18,2025-10-30
5,240,Cos,Lemmen,clemmen4@mac.com,Male,45,2024-01-02
6,209,Fons,Scholig,fscholig5@utexas.edu,Male,65,2024-12-10
7,14,Bobbe,Friedenbach,bfriedenbach6@youtube.com,Female,28,2025-11-28
8,116,Brietta,Gobeaux,bgobeaux7@columbia.edu,Female,28,2023-01-09
9,211,Katusha,Askam,kaskam8@friendfeed.com,Female,22,2023-02-26
10,197,Jammie,Camock,jcamock9@accuweather.com,Genderfluid,34,2023-01-27
11,175,Klarrisa,Lenormand,klenormanda@microsoft.com,Female,33,2023-06-15
12,82,Emmery,Joire,ejoireb@wikimedia.org,Male,42,2024-08-25
13,71,Johny,Hertwell,jhertwellc@theglobeandmail.com,Male,44,2025-08-31
14,96,Elsinore,Arman,earmand@1688.com,Female,71,2023-04-15
15,240,Duke,Logsdale,dlogsdalee@taobao.com,Male,59,2024-01-03
16,234,Hedvig,Lightbody,hlightbodyf@bluehost.com,Female,30,2024-09-17
17,26,Orsola,Heale,ohealeg@cargocollective.com,Female,31,2024-12-20
18,158,Brennen,Bonass,bbonassh@java.com,Male,21,2025-04-20
19,207,Mella,Austing,maustingi@twitter.com,Female,46,2024-01-01
20,97,Thaxter,Castell,tcastellj@adobe.com,Non-binary,58,2023-09-04
21,149,Corbett,Manass,cmanassk@weibo.com,Male,47,2023-02-26
22,145,Shirleen,Gemeau,sgemeaul@dell.com,Female,19,2025-07-13
23,240,Cairistiona,Ellul,cellulm@dot.gov,Female,22,2023-01-26
24,142,Stevy,Canto,scanton@berkeley.edu,Bigender,72,2025-05-13
25,2,Toddy,Wilmore,twilmoreo@ning.com,Male,44,2023-12-21
26,13,Brigid,Antonognoli,bantonognolip@huffingtonpost.com,Female,46,2023-07-09
27,47,Robinet,Sawell,rsawellq@wired.com,Female,48,2025-04-15
28,182,Ferris,O'Flynn,foflynnr@mlb.com,Genderfluid,48,2025-02-23
29,137,Olia,Offener,ooffeners@imageshack.us,Female,52,2024-06-06
30,99,Ranna,Jecock,rjecockt@yandex.ru,Agender,73,2024-01-24
31,82,Dicky,Pybworth,dpybworthu@nasa.gov,Male,60,2024-06-17
32,164,Ben,Unger,bungerv@bbb.org,Male,63,2025-01-29
33,41,Tallulah,Kellock,tkellockw@1und1.de,Female,52,2024-09-29
34,103,Theodoric,Corking,tcorkingx@goodreads.com,Male,57,2023-07-02
35,186,Kaspar,Butcher,kbutchery@economist.com,Male,24,2023-07-12
36,1,Angus,Coltart,acoltartz@exblog.jp,Non-binary,66,2025-02-16
37,36,Shayla,Girardet,sgirardet10@wikia.com,Female,54,2024-06-23
38,182,Kristien,Guillerman,kguillerman11@comcast.net,Female,24,2024-11-30
39,39,Kaitlynn,Lamminam,klamminam12@newsvine.com,Female,22,2025-04-28
40,133,Starlene,Tobin,stobin13@mozilla.org,Female,74,2023-06-17
41,221,Inglebert,Turri,iturri14@i2i.jp,Male,60,2024-10-10
42,99,Morgun,Mantram,mmantram15@hc360.com,Male,33,2024-01-28
43,241,Emmye,Booth,ebooth16@reuters.com,Female,22,2024-06-09
44,148,Ransell,Chooter,rchooter17@last.fm,Male,61,2023-01-16
45,122,Mufinella,Veque,mveque18@networkadvertising.org,Female,72,2023-10-29
46,2,Ferne,Machent,fmachent19@parallels.com,Genderqueer,32,2025-01-15
47,157,Barby,Watman,bwatman1a@de.vu,Female,19,2023-04-11
48,226,Arlina,Sindall,asindall1b@bing.com,Female,37,2024-02-17
49,132,Tricia,Faithfull,tfaithfull1c@thetimes.co.uk,Female,69,2024-06-17
50,119,Marshal,Caldero,mcaldero1d@domainmarket.com,Male,57,2023-04-25
51,120,Hilly,Davidek,hdavidek1e@goodreads.com,Male,38,2023-04-05
52,139,Lawton,Truelove,ltruelove1f@elegantthemes.com,Male,46,2025-12-28
53,201,Pembroke,Woffinden,pwoffinden1g@devhub.com,Male,21,2024-06-29
54,60,Kenon,Danilewicz,kdanilewicz1h@sina.com.cn,Male,45,2025-08-07
55,248,Pooh,Durman,pdurman1i@blogtalkradio.com,Male,23,2025-06-15
56,57,Geraldine,Myles,gmyles1j@telegraph.co.uk,Genderqueer,48,2024-02-26
57,203,Gennifer,Neasam,gneasam1k@drupal.org,Female,56,2025-02-26
58,10,Riley,Elliff,relliff1l@yellowpages.com,Male,32,2024-03-01
59,180,Nertie,Greasty,ngreasty1m@princeton.edu,Female,30,2025-04-21
60,240,Elmer,Greated,egreated1n@furl.net,Male,68,2024-11-07
61,210,Genni,Badger,gbadger1o@state.gov,Female,24,2023-08-29
62,120,Marita,Poveleye,mpoveleye1p@ft.com,Female,30,2023-07-03
63,93,Elberta,Louth,elouth1q@utexas.edu,Agender,20,2024-03-06
64,88,Alana,Seman,aseman1r@salon.com,Female,35,2023-05-26
65,159,Alano,Jenken,ajenken1s@nationalgeographic.com,Male,51,2024-05-07
66,228,Maddi,Dust,mdust1t@zimbio.com,Female,38,2025-05-10
67,115,Kimberly,Piggford,kpiggford1u@amazon.de,Female,25,2024-10-20
68,121,Hanna,Valois,hvalois1v@miitbeian.gov.cn,Female,21,2023-06-05
69,237,Conn,Westnage,cwestnage1w@bloglovin.com,Male,43,2025-05-03
70,223,Tobe,Yarnell,tyarnell1x@stanford.edu,Male,52,2025-09-21
71,144,Gregorio,Kastel,gkastel1y@facebook.com,Male,56,2024-05-15
72,237,Amandy,Andrassy,aandrassy1z@nhs.uk,Female,47,2025-01-07
73,187,Eben,Jefferies,ejefferies20@cocolog-nifty.com,Male,48,2023-05-30
74,173,Linus,Deyes,ldeyes21@furl.net,Male,65,2024-07-12
75,5,Frazier,Malkie,fmalkie22@booking.com,Male,49,2023-07-09
76,245,Amii,Kingwell,akingwell23@dell.com,Female,65,2025-09-27
77,32,Jarib,Franchioni,jfranchioni24@fastcompany.com,Male,26,2023-11-05
78,185,Raimundo,Baumber,rbaumber25@epa.gov,Male,57,2025-07-31
79,5,Stearne,Delf,sdelf26@printfriendly.com,Male,70,2023-07-14
80,12,Eziechiele,Fasler,efasler27@themeforest.net,Male,64,2025-01-07
81,176,Ileane,Karolewski,ikarolewski28@mayoclinic.com,Female,49,2025-08-14
82,95,Padgett,Baudoux,pbaudoux29@epa.gov,Genderqueer,37,2023-10-22
83,90,Lars,Andrzejowski,landrzejowski2a@imageshack.us,Male,54,2025-12-27
84,45,Roze,Saer,rsaer2b@newsvine.com,Female,41,2024-11-12
85,199,Tommie,Danielsky,tdanielsky2c@ucla.edu,Female,53,2025-06-28
86,238,Ashely,Marchiso,amarchiso2d@irs.gov,Genderfluid,73,2024-07-27
87,54,Bay,Manuelli,bmanuelli2e@dot.gov,Male,57,2023-01-23
88,53,Luis,Hawking,lhawking2f@jimdo.com,Male,72,2024-05-21
89,209,Dewain,Kemshell,dkemshell2g@imdb.com,Male,40,2024-06-09
90,119,Flynn,Desouza,fdesouza2h@gizmodo.com,Male,31,2023-05-28
91,174,Risa,Pickworth,rpickworth2i@cargocollective.com,Female,39,2024-08-03
92,128,Reuben,McGettigan,rmcgettigan2j@prnewswire.com,Bigender,68,2024-07-27
93,130,Aloysius,Godson,agodson2k@360.cn,Male,52,2024-02-22
94,221,Ward,Banham,wbanham2l@mapy.cz,Male,27,2025-08-20
95,124,Hermine,Cossar,hcossar2m@1und1.de,Female,61,2023-10-22
96,125,Ardine,Smitherman,asmitherman2n@hostgator.com,Female,48,2024-04-23
97,20,Harmon,Stoffers,hstoffers2o@tinyurl.com,Male,57,2025-03-05
98,37,Fawn,Caress,fcaress2p@mozilla.org,Female,69,2024-04-26
99,129,Gun,Markwelley,gmarkwelley2q@t-online.de,Male,72,2025-07-31
100,79,Rozamond,Donnell,rdonnell2r@latimes.com,Female,23,2024-01-12
101,198,Anne-corinne,Pietrowicz,apietrowicz2s@fastcompany.com,Female,45,2024-07-27
102,41,Kearney,Izhak,kizhak2t@dmoz.org,Male,70,2025-10-10
103,103,Aland,Skaif,askaif2u@berkeley.edu,Male,33,2025-10-29
104,94,Rourke,Hanning,rhanning2v@smugmug.com,Male,73,2024-06-16
105,131,Reynolds,Brownbill,rbrownbill2w@a8.net,Male,36,2023-07-08
106,184,Kimbra,Ioannou,kioannou2x@google.es,Female,72,2023-04-05
107,167,Brina,Bowditch,bbowditch2y@prnewswire.com,Female,21,2023-03-24
108,116,Garvy,Longhi,glonghi2z@macromedia.com,Male,35,2023-05-18
109,190,Philomena,Dunphie,pdunphie30@accuweather.com,Female,67,2024-07-04
110,222,Maximilien,Lamble,mlamble31@google.de,Male,21,2024-05-20
111,167,Zerk,Scarfe,zscarfe32@phpbb.com,Male,33,2024-07-01
112,112,Albina,Lardeur,alardeur33@a8.net,Bigender,66,2025-07-31
113,236,Nan,Duffell,nduffell34@ucoz.com,Genderfluid,39,2025-03-04
114,212,Halimeda,McCumesky,hmccumesky35@dagondesign.com,Polygender,46,2024-03-25
115,162,Laurella,Lannin,llannin36@deliciousdays.com,Female,56,2024-06-21
116,119,Winfred,Myall,wmyall37@wufoo.com,Male,41,2025-08-22
117,202,Boot,Qusklay,bqusklay38@wikimedia.org,Male,46,2023-10-20
118,218,Humbert,Martyntsev,hmartyntsev39@privacy.gov.au,Male,43,2024-03-30
119,240,Vito,Kinze,vkinze3a@cdbaby.com,Male,61,2023-08-01
120,44,Gisella,Kesteven,gkesteven3b@geocities.jp,Female,53,2024-02-03
121,82,Buddie,Haig,bhaig3c@digg.com,Male,58,2024-03-31
122,163,Gale,Battram,gbattram3d@slashdot.org,Male,52,2025-04-16
123,122,Otho,Gunderson,ogunderson3e@cloudflare.com,Male,44,2024-11-20
124,179,Edith,Hallums,ehallums3f@php.net,Female,71,2023-08-22
125,78,Frederica,Warret,fwarret3g@desdev.cn,Female,59,2025-03-17
126,86,Layne,Foystone,lfoystone3h@sogou.com,Female,21,2025-11-28
127,182,Rad,Peterffy,rpeterffy3i@shareasale.com,Male,25,2025-10-02
128,73,Wang,Smales,wsmales3j@posterous.com,Male,36,2025-08-28
129,14,Janette,Alesi,jalesi3k@4shared.com,Female,35,2024-03-26
130,74,Alyse,Sutehall,asutehall3l@mediafire.com,Female,29,2025-10-04
131,124,Manda,Vasyukhichev,mvasyukhichev3m@jiathis.com,Female,22,2024-04-26
132,240,Roderigo,Patty,rpatty3n@goo.ne.jp,Male,18,2024-07-08
133,1,Bronny,Maffey,bmaffey3o@i2i.jp,Male,58,2025-08-02
134,248,Norma,Duchart,nduchart3p@rediff.com,Female,32,2024-04-04
135,173,Gayelord,Garfield,ggarfield3q@goo.gl,Male,31,2024-07-13
136,205,Luis,Burgwin,lburgwin3r@virginia.edu,Male,29,2024-03-17
137,203,Andrey,See,asee3s@deliciousdays.com,Male,28,2023-04-09
138,127,Gus,Marney,gmarney3t@bbc.co.uk,Bigender,44,2025-03-31
139,102,Neill,Seamark,nseamark3u@webs.com,Male,50,2023-12-18
140,20,Donica,Condict,dcondict3v@umich.edu,Female,63,2025-03-03
141,155,Cosimo,Fitzjohn,cfitzjohn3w@symantec.com,Non-binary,56,2023-12-24
142,230,Sheeree,Sneddon,ssneddon3x@phoca.cz,Female,52,2024-12-04
143,237,Dougy,Hearmon,dhearmon3y@weebly.com,Genderfluid,59,2024-06-12
144,91,Alyce,Laugherane,alaugherane3z@ameblo.jp,Female,31,2025-08-16
145,74,Stoddard,Skydall,sskydall40@ask.com,Agender,51,2023-08-31
146,175,Roselia,Brugsma,rbrugsma41@disqus.com,Female,43,2024-05-22
147,220,Anne,Dorre,adorre42@ning.com,Female,26,2024-06-11
148,147,Anetta,Gotfrey,agotfrey43@constantcontact.com,Female,39,2023-09-13
149,84,Orran,Hazeldene,ohazeldene44@netlog.com,Male,49,2023-09-16
150,115,Goldarina,Fermin,gfermin45@themeforest.net,Female,42,2024-08-27
151,81,Jere,Toplin,jtoplin46@storify.com,Female,59,2023-04-21
152,19,Richmond,McGilvary,rmcgilvary47@nydailynews.com,Male,19,2025-07-17
153,129,Amory,Padbery,apadbery48@webnode.com,Male,20,2023-11-29
154,162,Bary,Gawthrop,bgawthrop49@themeforest.net,Polygender,20,2024-03-18
155,216,Hilly,Sainter,hsainter4a@cdc.gov,Male,51,2024-12-10
156,244,Gusty,Mowsley,gmowsley4b@omniture.com,Agender,74,2025-08-09
157,7,Silvan,Kennaway,skennaway4c@de.vu,Male,68,2023-11-19
158,68,Garvey,Paolotto,gpaolotto4d@walmart.com,Male,22,2025-09-28
159,184,Georgianne,Huelin,ghuelin4e@wsj.com,Female,21,2025-07-17
160,46,Reinaldos,Raise,rraise4f@zdnet.com,Male,18,2023-02-07
161,83,Tabbi,Lowdham,tlowdham4g@last.fm,Female,65,2025-11-24
162,233,Larissa,Bearward,lbearward4h@theglobeandmail.com,Female,69,2025-01-24
163,110,Reagan,Higgonet,rhiggonet4i@digg.com,Male,43,2023-12-28
164,212,Tonnie,Tomczynski,ttomczynski4j@so-net.ne.jp,Male,61,2023-03-22
165,65,Adore,Attrie,aattrie4k@moonfruit.com,Female,63,2025-07-12
166,182,Townsend,Tansley,ttansley4l@utexas.edu,Male,19,2024-04-11
167,242,Osgood,Braizier,obraizier4m@hugedomains.com,Male,58,2024-09-14
168,69,Carl,Hampe,champe4n@altervista.org,Male,38,2024-10-04
169,54,Duffie,McGorley,dmcgorley4o@digg.com,Male,33,2025-05-13
170,146,Bernhard,Joesbury,bjoesbury4p@jigsy.com,Male,26,2025-05-21
171,170,Annette,Blodgett,ablodgett4q@state.gov,Female,23,2023-01-24
172,204,Lindy,Thame,lthame4r@vk.com,Male,50,2023-07-27
173,200,Alessandro,Balwin,abalwin4s@squarespace.com,Male,37,2023-08-17
174,69,Augy,Jerratsch,ajerratsch4t@umn.edu,Male,31,2024-11-25
175,176,Onofredo,Nend,onend4u@umich.edu,Non-binary,24,2025-09-04
176,215,Marven,Rowes,mrowes4v@sciencedirect.com,Male,21,2025-10-22
177,194,Davidson,Vaughan-Hughes,dvaughanhughes4w@chron.com,Male,50,2025-02-25
178,249,Lynett,Goodnow,lgoodnow4x@jiathis.com,Female,39,2025-09-01
179,160,Reeta,Burbridge,rburbridge4y@cam.ac.uk,Female,26,2024-02-26
180,148,Trula,Meldon,tmeldon4z@mac.com,Female,30,2025-06-17
181,246,Lorry,Skottle,lskottle50@mysql.com,Male,53,2024-05-21
182,33,Niel,Chamberlin,nchamberlin51@newsvine.com,Male,39,2024-08-06
183,208,Mellie,Toll,mtoll52@weibo.com,Female,19,2024-11-16
184,16,Gretel,Senechault,gsenechault53@pcworld.com,Female,50,2024-01-14
185,127,Blondelle,Stonall,bstonall54@gravatar.com,Female,28,2024-03-30
186,141,Renard,Eplett,replett55@webnode.com,Male,72,2025-03-18
187,232,Forrest,Rubinsohn,frubinsohn56@flickr.com,Male,65,2024-11-18
188,214,Damien,Damiata,ddamiata57@craigslist.org,Male,24,2025-02-10
189,141,Bjorn,Mebs,bmebs58@goo.gl,Male,55,2025-12-16
190,131,Meade,Downer,mdowner59@unc.edu,Female,19,2023-04-13
191,199,Nolana,Collett,ncollett5a@oakley.com,Female,30,2023-08-12
192,243,Grantham,Titchmarsh,gtitchmarsh5b@printfriendly.com,Male,39,2023-12-29
193,25,Denna,Latimer,dlatimer5c@pen.io,Female,34,2025-11-13
194,208,Bjorn,Skellon,bskellon5d@dailymail.co.uk,Genderqueer,59,2024-03-26
195,125,Silvia,Brookhouse,sbrookhouse5e@howstuffworks.com,Female,23,2023-04-20
196,247,Caldwell,Francie,cfrancie5f@live.com,Male,51,2025-06-02
197,228,Henrik,Corgenvin,hcorgenvin5g@smh.com.au,Male,28,2024-12-18
198,103,Olga,Yurin,oyurin5h@miibeian.gov.cn,Female,36,2023-02-05
199,219,Korry,Billing,kbilling5i@comsenz.com,Female,32,2025-11-09
200,115,Francois,Flintoft,fflintoft5j@house.gov,Male,39,2025-04-16
201,64,Jesse,Gniewosz,jgniewosz5k@flickr.com,Female,58,2023-06-30
202,137,Geri,Wilkison,gwilkison5l@ask.com,Male,70,2023-12-27
203,64,Bill,Petrak,bpetrak5m@stumbleupon.com,Female,45,2024-01-16
204,245,Damien,Samsonsen,dsamsonsen5n@jigsy.com,Male,36,2024-12-11
205,50,Obie,Radmer,oradmer5o@cnbc.com,Male,38,2025-06-27
206,157,Cloris,Baudi,cbaudi5p@geocities.jp,Female,26,2023-03-15
207,152,Lemuel,Schollar,lschollar5q@360.cn,Male,70,2024-03-13
208,246,Allistir,Siward,asiward5r@newyorker.com,Male,54,2025-10-06
209,91,Cobby,Perrigo,cperrigo5s@cbsnews.com,Male,56,2025-10-12
210,245,Sim,Courtin,scourtin5t@reddit.com,Male,42,2023-11-30
211,29,Roxie,Potier,rpotier5u@hugedomains.com,Female,24,2023-09-09
212,169,Barb,Aylwin,baylwin5v@redcross.org,Female,53,2025-06-19
213,220,Alfie,Wyard,awyard5w@hibu.com,Male,36,2025-05-20
214,95,Lucine,Hofer,lhofer5x@deviantart.com,Genderqueer,42,2025-09-30
215,209,Ben,Lindenboim,blindenboim5y@biblegateway.com,Agender,25,2023-06-19
216,17,Erik,Hobden,ehobden5z@digg.com,Male,68,2025-11-22
217,43,Vernor,Oertzen,voertzen60@mozilla.org,Male,53,2024-10-24
218,190,Leora,Sher,lsher61@illinois.edu,Female,74,2023-03-11
219,141,Ragnar,Benazet,rbenazet62@google.ru,Male,23,2024-06-14
220,12,Sonnnie,Simukov,ssimukov63@google.it,Female,27,2024-01-09
221,229,Hamnet,Kaasmann,hkaasmann64@howstuffworks.com,Male,72,2024-11-17
222,3,Kerstin,Kenwell,kkenwell65@guardian.co.uk,Female,38,2025-06-13
223,130,Marianne,MacGinley,mmacginley66@cloudflare.com,Female,33,2024-09-09
224,184,Barnabe,McCurrie,bmccurrie67@nationalgeographic.com,Male,66,2023-10-21
225,23,Dun,Scroggie,dscroggie68@whitehouse.gov,Male,29,2025-06-19
226,188,Nicola,Stearn,nstearn69@va.gov,Male,66,2023-09-08
227,111,Jareb,Crush,jcrush6a@amazon.co.jp,Male,41,2025-09-04
228,228,La verne,MacGiffin,lmacgiffin6b@dell.com,Female,71,2023-09-01
229,15,Reeba,Norcutt,rnorcutt6c@ifeng.com,Female,45,2024-08-16
230,144,Vin,Howell,vhowell6d@chron.com,Female,47,2024-07-01
231,167,Colette,Cheetham,ccheetham6e@businessweek.com,Female,50,2025-11-13
232,194,Kirsten,Adamek,kadamek6f@qq.com,Female,51,2023-06-07
233,23,Emelyne,Calderon,ecalderon6g@163.com,Female,68,2023-12-20
234,1,Corrie,Gilhouley,cgilhouley6h@nih.gov,Male,34,2024-12-23
235,195,Cobby,Pearmine,cpearmine6i@bing.com,Male,19,2025-10-25
236,43,Jule,Pragnall,jpragnall6j@pbs.org,Male,29,2025-03-05
237,181,Dominik,Keady,dkeady6k@bluehost.com,Male,64,2023-01-21
238,220,Cosme,Buckmaster,cbuckmaster6l@webmd.com,Male,20,2023-12-03
239,28,Drud,Tinson,dtinson6m@cpanel.net,Male,56,2025-12-15
240,93,Barbie,Gromley,bgromley6n@discovery.com,Female,72,2024-01-17
241,156,Hermine,Buckle,hbuckle6o@odnoklassniki.ru,Female,71,2024-08-26
242,179,Edeline,Oxbrough,eoxbrough6p@wired.com,Female,30,2023-10-19
243,164,Carmina,Treneer,ctreneer6q@wp.com,Female,43,2024-04-24
244,235,Allister,Twidale,atwidale6r@un.org,Male,45,2024-06-04
245,245,Bealle,Kiezler,bkiezler6s@forbes.com,Male,37,2023-06-21
246,243,David,Kemitt,dkemitt6t@gmpg.org,Male,41,2025-12-27
247,22,Ashton,Balaisot,abalaisot6u@networkadvertising.org,Male,19,2024-06-27
248,189,Cirstoforo,Cambling,ccambling6v@posterous.com,Male,26,2023-03-25
249,182,Waylon,Barhem,wbarhem6w@ft.com,Male,61,2025-03-06
250,40,Catarina,Ockenden,cockenden6x@desdev.cn,Female,66,2025-04-20
